CREATE DATABASE QLBH2
USE QLBH2
CREATE TABLE KHACHHANG
(
	MAKH char(4) CONSTRAINT PK_KH PRIMARY KEY,
	HOTEN varchar(40),
	DCHI varchar(50),
	SODT VARCHAR(20),
	NGSINH SMALLdatetime,
	DOANHSO money,
	NGDK SMALLdatetime,
)

CREATE TABLE NHANVIEN
(
	MANV char(4) CONSTRAINT PK_NV PRIMARY KEY,
	HOTEN varchar(40) ,
	NGVL SMALLdatetime,
	SODT varchar(20),
)

CREATE TABLE SANPHAM
(
	MASP char(4) CONSTRAINT PK_SP PRIMARY KEY,
	TENSP VARCHAR(40),
	DVT VARCHAR(20),
	NUOCSX VARCHAR(40) ,
	GIA money ,
)

CREATE TABLE HOADON
(
	SOHD INT CONSTRAINT PK_HD PRIMARY KEY,
	NGHD SMALLDATETIME,
	MAKH CHAR(4) CONSTRAINT FK_HD_KH FOREIGN KEY REFERENCES KHACHHANG(MAKH),
	MANV CHAR(4) CONSTRAINT FK_HD_NV FOREIGN KEY REFERENCES NHANVIEN(MANV),
	TRIGIA MONEY,
)

CREATE TABLE CTHD
(
	SOHD INT CONSTRAINT FK_CTHD_HD FOREIGN KEY REFERENCES HOADON(SOHD),
	MASP CHAR(4) CONSTRAINT FK_CTHD_SP FOREIGN KEY REFERENCES SANPHAM(MASP),
	SL INT,
	CONSTRAINT PK_CTHD PRIMARY KEY(SOHD, MASP),
)

/*dýÞ liêòu KHACHHANG */
SET DATEFORMAT dmy
INSERT INTO KHACHHANG VALUES ('KH01','Nguyen Van A','731 Tran Hung Dao, Q5, TpHCM','08823451','22/10/1960 ',13060000 ,'22/07/2006')
INSERT INTO KHACHHANG VALUES ('KH02','Tran Ngoc Han','23/5 Nguyen Trai, Q5, TpHCM','0908256478','3/4/1974 ',280000 ,'30/07/2006')
INSERT INTO KHACHHANG VALUES ('KH03','Tran Ngoc Linh','45 Nguyen Canh Chan, Q1, TpHCM','0938776266','12/6/1980 ',3860000 ,'05/08/2006')
INSERT INTO KHACHHANG VALUES ('KH04','Tran Minh Long','50/34 Le Dai Hanh, Q10, TpHCM','0917325476','9/3/1965 ',250000 ,'02/10/2006')
INSERT INTO KHACHHANG VALUES ('KH05','Le Nhat Minh','34 Truong Dinh, Q3, TpHCM','08246108','10/3/1950 ',21000 ,'28/10/2006')
INSERT INTO KHACHHANG VALUES ('KH06','Le Hoai Thuong','227 Nguyen Van Cu, Q5, TpHCM','08631738','31/12/1981 ',915000 ,'24/11/2006')
INSERT INTO KHACHHANG VALUES ('KH07','Nguyen Van Tam','32/3 Tran Binh Trong, Q5, TpHCM','0916783565','6/4/1971 ',12500 ,'01/12/2006')
INSERT INTO KHACHHANG VALUES ('KH08','Phan Thi Thanh','45/2 An Duong Vuong, Q5, TpHCM','0938435756','10/1/1971 ',365000 ,'13/12/2006')
INSERT INTO KHACHHANG VALUES ('KH09','Le Ha Vinh','873 Le Hong Phong, Q5, TpHCM','08654763','3/9/1979 ',70000 ,'14/01/2007')
INSERT INTO KHACHHANG VALUES ('KH10','Ha Duy Lap','34/34B Nguyen Trai, Q1, TpHCM','08768904','2/5/1983 ',67500 ,'16/01/2007')
-----------------
/*dýÞ liêòu NHANVIEN*/
SET DATEFORMAT dmy
INSERT INTO NHANVIEN VALUES('NV01','Nguyen Nhu Nhut','13/4/2006','0927345678')
INSERT INTO NHANVIEN VALUES('NV02','Le Thi Phi Yen','21/4/2006','0987567390')
INSERT INTO NHANVIEN VALUES('NV03','Nguyen Van B','27/4/2006','0997047382')
INSERT INTO NHANVIEN VALUES('NV04','Ngo Thanh Tuan','24/6/2006','0913758498')
INSERT INTO NHANVIEN VALUES('NV05','Nguyen Thi Truc Thanh','20/7/2006','0918590387')
-----------------
/*dýÞ liêòu SANPHAM*/
INSERT INTO SANPHAM VALUES('BC01','But chi','cay','Singapore',3000)
INSERT INTO SANPHAM VALUES('BC02','But chi','cay','Singapore',5000)
INSERT INTO SANPHAM VALUES('BC03','But chi','cay','Viet Nam',3500)
INSERT INTO SANPHAM VALUES('BC04','But chi','hop','Viet Nam',30000)
INSERT INTO SANPHAM VALUES('BB01','But bi','cay','Viet Nam',5000)
INSERT INTO SANPHAM VALUES('BB02','But bi','cay','Trung Quoc',7000)
INSERT INTO SANPHAM VALUES('BB03','But bi','hop','Thai Lan',100000)
INSERT INTO SANPHAM VALUES('TV01','Tap 100 giay mong','quyen','Trung Quoc',2500)
INSERT INTO SANPHAM VALUES('TV02','Tap 200 giay mong','quyen','Trung Quoc',4500)
INSERT INTO SANPHAM VALUES('TV03','Tap 100 giay tot','quyen','Viet Nam',3000)
INSERT INTO SANPHAM VALUES('TV04','Tap 200 giay tot','quyen','Viet Nam',5500)
INSERT INTO SANPHAM VALUES('TV05','Tap 100 trang','chuc','Viet Nam',23000)
INSERT INTO SANPHAM VALUES('TV06','Tap 200 trang','chuc','Viet Nam',53000)
INSERT INTO SANPHAM VALUES('TV07','Tap 100 trang','chuc','Trung Quoc',34000)
INSERT INTO SANPHAM VALUES('ST01','So tay 500 trang','quyen','Trung Quoc',40000)
INSERT INTO SANPHAM VALUES('ST02','So tay loai 1','quyen','Viet Nam',55000)
INSERT INTO SANPHAM VALUES('ST03','So tay loai 2','quyen','Viet Nam',51000)
INSERT INTO SANPHAM VALUES('ST04','So tay','quyen','Thai Lan',55000)
INSERT INTO SANPHAM VALUES('ST05','So tay mong','quyen','Thai Lan',20000)
INSERT INTO SANPHAM VALUES('ST06','Phan viet bang','hop','Viet Nam',5000)
INSERT INTO SANPHAM VALUES('ST07','Phan khong bui','hop','Viet Nam',7000)
INSERT INTO SANPHAM VALUES('ST08','Bong bang','cai','Viet Nam',1000)
INSERT INTO SANPHAM VALUES('ST09','But long','cay','Viet Nam',5000)
INSERT INTO SANPHAM VALUES('ST10','But long','cay','Trung Quoc',7000)
-----------------
/*dýÞ liêòu HOADON*/
INSERT INTO HOADON VALUES('1001','23/07/2006','KH01','NV01',320000)
INSERT INTO HOADON VALUES('1002','12/08/2006','KH01','NV02',840000)
INSERT INTO HOADON VALUES('1003','23/08/2006','KH02','NV01',100000)
INSERT INTO HOADON VALUES('1004','01/09/2006','KH02','NV01',180000)
INSERT INTO HOADON VALUES('1005','20/10/2006','KH01','NV02',3800000)
INSERT INTO HOADON VALUES('1006','16/10/2006','KH01','NV03',2430000)
INSERT INTO HOADON VALUES('1007','28/10/2006','KH03','NV03',510000)
INSERT INTO HOADON VALUES('1008','28/10/2006','KH01','NV03',440000)
INSERT INTO HOADON VALUES('1009','28/10/2006','KH03','NV04',200000)
INSERT INTO HOADON VALUES('1010','01/11/2006','KH01','NV01',5200000)
INSERT INTO HOADON VALUES('1011','04/11/2006','KH04','NV03',250000)
INSERT INTO HOADON VALUES('1012','30/11/2006','KH05','NV03',21000)
INSERT INTO HOADON VALUES('1013','12/12/2006','KH06','NV01',5000)
INSERT INTO HOADON VALUES('1014','31/12/2006','KH03','NV02',3150000)
INSERT INTO HOADON VALUES('1015','01/01/2007','KH06','NV01',910000)
INSERT INTO HOADON VALUES('1016','01/01/2007','KH07','NV02',12500)
INSERT INTO HOADON VALUES('1017','02/01/2007','KH08','NV03',35000)
INSERT INTO HOADON VALUES('1018','13/01/2007','KH08','NV03',330000)
INSERT INTO HOADON VALUES('1019','13/01/2007','KH01','NV03',30000)
INSERT INTO HOADON VALUES('1020','14/01/2007','KH09','NV04',70000)
INSERT INTO HOADON VALUES('1021','16/01/2007','KH10','NV03',67500)
INSERT INTO HOADON VALUES('1022','16/01/2007',Null,'NV03',7000)
INSERT INTO HOADON VALUES('1023','17/01/2007',Null,'NV01',330000)

-----------------
/*dýÞ liêòu CTHD*/
INSERT INTO CTHD VALUES(1001,'TV02',10)
INSERT INTO CTHD VALUES(1001,'ST01',5)
INSERT INTO CTHD VALUES(1001,'BC01',5)
INSERT INTO CTHD VALUES(1001,'BC02',10)
INSERT INTO CTHD VALUES(1001,'ST08',10)
INSERT INTO CTHD VALUES(1002,'BC04',20)
INSERT INTO CTHD VALUES(1002,'BB01',20)
INSERT INTO CTHD VALUES(1002,'BB02',20)
INSERT INTO CTHD VALUES(1003,'BB03',10)
INSERT INTO CTHD VALUES(1004,'TV01',20)
INSERT INTO CTHD VALUES(1004,'TV02',10)
INSERT INTO CTHD VALUES(1004,'TV03',10)
INSERT INTO CTHD VALUES(1004,'TV04',10)
INSERT INTO CTHD VALUES(1005,'TV05',50)
INSERT INTO CTHD VALUES(1005,'TV06',50)
INSERT INTO CTHD VALUES(1006,'TV07',20)
INSERT INTO CTHD VALUES(1006,'ST01',30)
INSERT INTO CTHD VALUES(1006,'ST02',10)
INSERT INTO CTHD VALUES(1007,'ST03',10)
INSERT INTO CTHD VALUES(1008,'ST04',8)
INSERT INTO CTHD VALUES(1009,'ST05',10)
INSERT INTO CTHD VALUES(1010,'TV07',50)
INSERT INTO CTHD VALUES(1010,'ST07',50)
INSERT INTO CTHD VALUES(1010,'ST08',100)
INSERT INTO CTHD VALUES(1010,'ST04',50)
INSERT INTO CTHD VALUES(1010,'TV03',100)
INSERT INTO CTHD VALUES(1011,'ST06',50)
INSERT INTO CTHD VALUES(1012,'ST07',3)
INSERT INTO CTHD VALUES(1013,'ST08',5)
INSERT INTO CTHD VALUES(1014,'BC02',80)
INSERT INTO CTHD VALUES(1014,'BB02',100)
INSERT INTO CTHD VALUES(1014,'BC04',60)
INSERT INTO CTHD VALUES(1014,'BB01',50)
INSERT INTO CTHD VALUES(1015,'BB02',30)
INSERT INTO CTHD VALUES(1015,'BB03',7)
INSERT INTO CTHD VALUES(1016,'TV01',5)
INSERT INTO CTHD VALUES(1017,'TV02',1)
INSERT INTO CTHD VALUES(1017,'TV03',1)
INSERT INTO CTHD VALUES(1017,'TV04',5)
INSERT INTO CTHD VALUES(1018,'ST04',6)
INSERT INTO CTHD VALUES(1019,'ST05',1)
INSERT INTO CTHD VALUES(1019,'ST06',2)
INSERT INTO CTHD VALUES(1020,'ST07',10)
INSERT INTO CTHD VALUES(1021,'ST08',5)
INSERT INTO CTHD VALUES(1021,'TV01',7)
INSERT INTO CTHD VALUES(1021,'TV02',10)
INSERT INTO CTHD VALUES(1022,'ST07',1)
INSERT INTO CTHD VALUES(1023,'ST04',6)

/*1.*/
SELECT MASP, TENSP
FROM SANPHAM
WHERE NUOCSX='Trung Quoc'
/*2.*/
SELECT MASP, TENSP
FROM SANPHAM
WHERE DVT='Cay' or DVT='Quyen'
/*3.*/
SELECT MASP, TENSP
FROM SANPHAM
WHERE LEFT(MASP, 1)='B' AND RIGHT(MASP, 2)='01'
/*4.*/
SELECT MASP, TENSP
FROM SANPHAM
WHERE NUOCSX='Trung Quoc' AND GIA BETWEEN 30000 AND 40000
/*5.*/
SELECT MASP, TENSP
FROM SANPHAM
WHERE (NUOCSX='Trung Quoc' OR NUOCSX='Thai Lan') AND GIA BETWEEN 30000 AND 40000
/*6.*/
SELECT SOHD, TRIGIA
FROM HOADON
WHERE NGHD='1/1/2007' OR NGHD='2/1/2007'
/*7.*/
SELECT SoHD, TriGia
FROM HoaDon
WHERE MONTH(NgHD) = 1 AND YEAR(NgHD) = 2007
ORDER BY NgHD ASC, TriGia DESC
/*8.*/
SELECT DISTINCT KhachHang.MaKH, HoTen
FROM KhachHang, HoaDon
WHERE 
	KhachHang.MaKH = HoaDon.MaKH 
	AND NgHD = '1/1/2007'
/*9.*/
SELECT SoHD, TriGia
FROM HoaDon, NhanVien
WHERE
	HoaDon.MaNV = NhanVien.MaNV
	AND HoTen = 'Nguyen Van B'
	AND NgHD = '28/10/2006'
/*10.*/
SELECT DISTINCT SP.MaSP, TenSP
FROM SanPham SP, CTHD, KhachHang KH, HoaDon HD
WHERE
	CTHD.MaSP = SP.MaSP
	AND CTHD.SoHD = HD.SoHD
	AND HD.MaKH = KH.MaKH
	AND HoTen = 'Nguyen Van A'
	AND MONTH(NgHD) = 10 AND YEAR(NgHD) = 2006
/*11.*/
SELECT DISTINCT SoHD
FROM CTHD
WHERE MaSP = 'BB01' OR MaSP = 'BB02'
/*12.*/
SELECT DISTINCT SoHD
FROM CTHD
WHERE MaSP IN ('BB01', 'BB02') AND SL BETWEEN 10 AND 20
/*13.*/
SELECT DISTINCT SoHD
FROM CTHD
WHERE MaSP = 'BB01' AND SL BETWEEN 10 AND 20
INTERSECT
SELECT DISTINCT SoHD
FROM CTHD
WHERE MaSP = 'BB02' AND SL BETWEEN 10 AND 20
/*14.*/
SELECT DISTINCT SanPham.MaSP, TenSP
FROM (HoaDon join CTHD on HoaDon.SoHD = CTHD.SoHD) join  SanPham on CTHD.MaSP = SanPham.MaSP
WHERE (NuocSX = 'Trung Quoc' or NgHD = '1/1/2007')
/*15.*/
SELECT MaSP, TenSP
FROM SanPham
WHERE MaSP NOT IN (SELECT MaSP 
				   FROM CTHD)
/*16.*/
SELECT MaSP, TenSP
FROM SanPham
WHERE MaSP NOT IN( SELECT MaSP 
				   FROM CTHD join HoaDon on CTHD.SoHD = HoaDon.SoHD
				   WHERE YEAR(NgHD) = 2006 )
/*17.*/
SELECT MaSP, TenSP
FROM SanPham
WHERE NuocSX = 'Trung Quoc' AND MaSP NOT IN ( SELECT MaSP 
											  FROM CTHD join HoaDon on CTHD.SoHD = HoaDon.SoHD
											  WHERE YEAR(NgHD) = 2006 )
/*18.*/
SELECT SoHD
FROM HoaDon
WHERE YEAR(NgHD) = 2006 AND NOT EXISTS (SELECT *
										FROM SanPham
										WHERE NuocSX = 'Singapore' AND NOT EXISTS ( SELECT *
																					FROM CTHD
																					WHERE CTHD.SoHD = HoaDon.SoHD
																					AND CTHD.MaSP = SanPham.MaSP))
/*19.*/
SELECT COUNT(*)
FROM HoaDon
WHERE MaKH IS NULL								 
/*20.*/
SELECT COUNT(DISTINCT MaSP)
FROM CTHD join HoaDon on CTHD.SoHD = HoaDon.SoHD
WHERE YEAR(NgHD) = 2006
/*21.*/
SELECT MIN(TriGia), MAX(TriGia)
FROM HoaDon
/*22.*/
SELECT AVG(TriGia)
FROM HoaDon
WHERE YEAR(NgHD) = 2006
/*23.*/
SELECT SUM(TriGia)
FROM HoaDon
WHERE YEAR(NgHD) = 2006
/*24.*/
SELECT MAX(TriGia)
FROM HoaDon
WHERE YEAR(NgHD) = 2006
/*25.*/
SELECT DISTINCT HoTen
FROM KhachHang KH join HoaDon HD on HD.MaKH = KH.MaKH
WHERE YEAR(NgHD) = 2006
	  AND TriGia = (SELECT MAX(TriGia) 
					FROM HoaDon 
					WHERE YEAR(NgHD) = 2006)

/*26.*/
SELECT TOP 3 MaKH, HoTen
FROM KhachHang
ORDER BY DoanhSo DESC
/*27.*/
SELECT MaSP, TenSP
FROM SanPham
WHERE Gia IN ( SELECT DISTINCT TOP 3 Gia
			   FROM SanPham
			   ORDER BY Gia DESC)
/*28.*/
SELECT MaSP, TenSP
FROM SanPham
WHERE NuocSX = 'Thai Lan' AND Gia IN (SELECT DISTINCT TOP 3 Gia
									  FROM SanPham
									  ORDER BY Gia DESC)
	
/*29.*/
SELECT MaSP, TenSP
FROM SanPham
WHERE NuocSX = 'Trung Quoc'
	  AND Gia IN ( SELECT DISTINCT TOP 3 Gia
			       FROM SanPham
				   WHERE NuocSX = 'Trung Quoc'
				   ORDER BY Gia DESC)
/*30.*/
SELECT TOP 3 *
FROM KhachHang
ORDER BY DoanhSo DESC
/*31.*/
SELECT COUNT(MASP)
FROM SanPham
WHERE NuocSX = 'Trung Quoc'
/*32.*/
SELECT NuocSX, COUNT(MASP) 
FROM SanPham
GROUP BY NuocSX
/*33.*/
SELECT NuocSX, MAX(Gia), MIN(Gia), AVG(Gia) 
FROM SanPham
GROUP BY NuocSX
/*34.*/
SELECT NgHD, SUM(TriGia) 
FROM HoaDon
GROUP BY NgHD
/*35.*/
SELECT SanPham.MaSP, SUM(SL) 
FROM (HoaDon join CTHD on HoaDon.SoHD = CTHD.SoHD) join  SanPham on CTHD.MaSP = SanPham.MaSP
WHERE MONTH(NgHD) = 10 AND YEAR(NgHD) = 2006
GROUP BY SanPham.MaSP
/*36.*/
SELECT MONTH(NgHD), SUM(TriGia)
FROM HoaDon
WHERE YEAR(NgHD) = 2006
GROUP BY MONTH(NgHD)
/*37.*/
SELECT SoHD
FROM CTHD
GROUP BY SoHD
HAVING COUNT(DISTINCT MaSP) >= 4
/*38.*/
SELECT SoHD
FROM CTHD, SanPham
WHERE CTHD.MaSP = SanPham.MaSP
	  AND NuocSX = 'Viet Nam'
GROUP BY SoHD
HAVING COUNT(DISTINCT CTHD.MaSP) = 3
/*39.*/
SELECT KH.MaKH, HoTen
FROM KhachHang KH join HoaDon HD on KH.MaKH = HD.MaKH
GROUP BY KH.MaKH, HoTen
HAVING COUNT(*) >= ALL(SELECT COUNT(*) 
					   FROM HoaDon 
					   GROUP BY MaKH)
/*40.*/
SELECT MONTH(NgHD)
FROM HoaDon
WHERE YEAR(NgHD) = 2006
GROUP BY MONTH(NgHD)
HAVING SUM(TriGia) >= ALL(SELECT SUM(TriGia) 
						  FROM HoaDON WHERE YEAR(NgHD) = 2006 
						  GROUP BY MONTH(NgHD))
/*41.*/
SELECT  SanPham.MaSP, TenSP
FROM (HoaDon join CTHD on HoaDon.SoHD = CTHD.SoHD) join  SanPham on CTHD.MaSP = SanPham.MaSP
WHERE YEAR(NgHD) = 2006
GROUP BY SanPham.MaSP, TenSP
HAVING SUM(SL) < = ALL (SELECT  SanPham.MaSP, TenSP
						FROM (HoaDon join CTHD on HoaDon.SoHD = CTHD.SoHD) join  SanPham on CTHD.MaSP = SanPham.MaSP
						WHERE YEAR(NgHD) = 2006
						GROUP BY SanPham.MaSP, TenSP)
/*42.*/
/*43.*/
SELECT NuocSX
FROM SanPham
GROUP BY NUOCSX
HAVING COUNT(DISTINCT GIA) >= 3
/*44.*/